Category,Name,Phone,Google Maps URL,Website,email,Business Status,Address,Total Reviews,Booking Links,Rating,Hours
Restoran Pizza,Pizza e Birra Sports Bar Cilandak Town Square,,https://www.google.com/maps/place/Pizza+e+Birra+Sports+Bar+Cilandak+Town+Square/data=!4m7!3m6!1s0x2e69ed8905a2914d:0x1389eb0ec141154f!8m2!3d-6.2918097!4d106.7998854!16s%2Fg%2F11fj2lx770!19sChIJTZGiBYntaS4RTxVBwQ7riRM?authuser=0&hl=id&rclk=1,,,Buka⋅ Tutup pukul 22.00,,(808),,"4,8 bintang",Rabu11.00–22.00Kamis11.00–22.00Jumat11.00–22.00Sabtu11.00–22.00Minggu11.00–22.00Senin11.00–22.00Selasa11.00–22.00Sarankan jam buka baru
Bar Olahraga,Sport Stube by Stube Group,,https://www.google.com/maps/place/Sport+Stube+by+Stube+Group/data=!4m7!3m6!1s0x2e69f1a522886a4f:0x3b8158349ddff68!8m2!3d-6.2684223!4d106.7848568!16s%2Fg%2F11bwyfrt_1!19sChIJT2qIIqXxaS4RaP_dSYMVuAM?authuser=0&hl=id&rclk=1,,,Buka⋅ Tutup pukul 23.30,,(1.754),,"4,6 bintang",Rabu11.00–23.30Kamis11.00–23.30Jumat11.00–23.30Sabtu10.00–23.30Minggu10.00–23.30Senin11.00–23.30Selasa11.00–23.30Sarankan jam buka baru
Restoran,The Sports Bar,,https://www.google.com/maps/place/The+Sports+Bar/data=!4m7!3m6!1s0x2e69ef3f4a62fb0d:0xfb97efd9cda17fbb!8m2!3d-6.3059381!4d106.7948226!16s%2Fg%2F11xw7dy308!19sChIJDftiSj_vaS4Ru3-hzdnvl_s?authuser=0&hl=id&rclk=1,,,Buka⋅ Tutup pukul 23.00,,(4),,"5,0 bintang",Rabu09.00–23.00Kamis09.00–23.00Jumat09.00–00.00Sabtu09.00–00.00Minggu09.00–23.00Senin09.00–23.00Selasa09.00–23.00Sarankan jam buka baru
Bar Olahraga,Brewerkz,,https://www.google.com/maps/place/Brewerkz/data=!4m7!3m6!1s0x2e69f14861e1963d:0x1751af2c4628beec!8m2!3d-6.2267683!4d106.797665!16s%2Fg%2F11bc7rv2tf!19sChIJPZbhYUjxaS4R7L4oRiyvURc?authuser=0&hl=id&rclk=1,,,Buka⋅ Tutup pukul 00.00,,(1.554),,"4,7 bintang",Rabu10.00–00.00Kamis10.00–00.00Jumat10.00–02.00Sabtu10.00–02.00Minggu10.00–00.00Senin10.00–00.00Selasa10.00–00.00Sarankan jam buka baru
Restoran,"Bull & Vine Restaurant, Deli, Lounge and Sports Bar",,"https://www.google.com/maps/place/Bull+%26+Vine+Restaurant,+Deli,+Lounge+and+Sports+Bar/data=!4m7!3m6!1s0x2e69f1ad91320427:0x9446bbe167d297b2!8m2!3d-6.2573788!4d106.8133988!16s%2Fg%2F11sxwtgbv_!19sChIJJwQyka3xaS4RspfSZ-G7RpQ?authuser=0&hl=id&rclk=1",,,Buka⋅ Tutup pukul 01.00,,(103),,"4,7 bintang",Rabu12.00–01.00Kamis12.00–01.00Jumat12.00–01.00Sabtu12.00–01.00Minggu11.00–01.00Senin12.00–01.00Selasa12.00–01.00Sarankan jam buka baru
Bar,Cazbar,,https://www.google.com/maps/place/Cazbar/data=!4m7!3m6!1s0x2e69f41ccfe39965:0xacef699de4253d1!8m2!3d-6.2313958!4d106.8279454!16s%2Fg%2F1tdpjhks!19sChIJZZnjzxz0aS4R0VNC3pn2zgo?authuser=0&hl=id&rclk=1,,,Buka⋅ Tutup pukul 00.00,,(1.035),,"4,5 bintang",Rabu12.00–00.00Kamis12.00–00.00Jumat12.00–00.00Sabtu17.00–00.00MingguTutupSenin12.00–00.00Selasa12.00–00.00Sarankan jam buka baru
Restoran,STARK Taproom,,https://www.google.com/maps/place/STARK+Taproom/data=!4m7!3m6!1s0x2e69f1beb0541ee3:0x2fbe6f56138d4ad1!8m2!3d-6.2261022!4d106.8130781!16s%2Fg%2F11j4hwgh4r!19sChIJ4x5UsL7xaS4R0UqNE1Zvvi8?authuser=0&hl=id&rclk=1,,,,,(710),,"4,6 bintang",
Bar Olahraga,Equator Billiard,,https://www.google.com/maps/place/Equator+Billiard/data=!4m7!3m6!1s0x2e69f1e09ab266c5:0x43ae5e59d0224773!8m2!3d-6.2968369!4d106.794927!16s%2Fg%2F1td8vyd8!19sChIJxWaymuDxaS4Rc0ci0FlerkM?authuser=0&hl=id&rclk=1,,,Buka⋅ Tutup pukul 23.00,,(14),,"4,4 bintang",Rabu08.00–23.00Kamis08.00–23.00Jumat08.00–23.00Sabtu08.00–23.00Minggu08.00–23.00Senin08.00–23.00Selasa08.00–23.00Sarankan jam buka baru
Bar Olahraga,LABEWA CUE SPORTS KALIBATA,,https://www.google.com/maps/place/LABEWA+CUE+SPORTS+KALIBATA/data=!4m7!3m6!1s0x2e69f30009ead6ff:0x53ad5900e95eea6a!8m2!3d-6.2569053!4d106.8551332!16s%2Fg%2F11lyl5jy8y!19sChIJ_9bqCQDzaS4Raupe6QBZrVM?authuser=0&hl=id&rclk=1,,,Buka⋅ Tutup pukul 02.00,,(91),,"4,2 bintang",Rabu11.30–02.00Kamis11.30–02.00Jumat11.30–03.00Sabtu11.30–03.00Minggu11.30–03.00Senin11.30–02.00Selasa11.30–02.00Sarankan jam buka baru
Bar Olahraga,Hall RT 02 Taman Manggis Permai,,https://www.google.com/maps/place/Hall+RT+02+Taman+Manggis+Permai/data=!4m7!3m6!1s0x2e69eb1effa18299:0x74870455ec400a2e!8m2!3d-6.4061453!4d106.856735!16s%2Fg%2F11snlm5t5v!19sChIJmYKh_x7raS4RLgpA7FUEh3Q?authuser=0&hl=id&rclk=1,,,Buka⋅ Tutup pukul 23.00,,(3),,"4,3 bintang",Rabu06.00–23.00Kamis06.00–23.00Jumat06.00–23.00Sabtu06.00–23.00Minggu06.00–23.00Senin06.00–23.00Selasa06.00–23.00Sarankan jam buka baru
Bar Olahraga,Base camp club silat prestasi,,https://www.google.com/maps/place/Base+camp+club+silat+prestasi/data=!4m7!3m6!1s0x2e69eb0057ed4ceb:0x77f5dc5c1dbc4cba!8m2!3d-6.3861395!4d106.8504102!16s%2Fg%2F11x6hmm0wf!19sChIJ60ztVwDraS4Ruky8HVzc9Xc?authuser=0&hl=id&rclk=1,,,,,,,,
Bar Olahraga,Outbreak JTOWN Jatinegara,,https://www.google.com/maps/place/Outbreak+JTOWN+Jatinegara/data=!4m7!3m6!1s0x2e69f3d32855d3bb:0x2ccac43e620465e3!8m2!3d-6.2206207!4d106.8677751!16s%2Fg%2F11wgp3t324!19sChIJu9NVKNPzaS4R42UEYj7Eyiw?authuser=0&hl=id&rclk=1,,,Buka⋅ Tutup pukul 02.00,,(222),,"4,8 bintang",Rabu12.00–02.00Kamis12.00–02.00Jumat12.00–02.00Sabtu12.00–02.00Minggu12.00–02.00Senin12.00–02.00Selasa12.00–02.00Sarankan jam buka baru
Bar Olahraga,Outbreak Plus Billiard And Sports Bar,,https://www.google.com/maps/place/Outbreak+Plus+Billiard+And+Sports+Bar/data=!4m7!3m6!1s0x2e69f5592b109faf:0xe3541c49668659f8!8m2!3d-6.1571461!4d106.9070709!16s%2Fg%2F11vhrqr0gb!19sChIJr58QK1n1aS4R-FmGZkkcVOM?authuser=0&hl=id&rclk=1,,,Buka⋅ Tutup pukul 02.00,,(202),,"5,0 bintang",Rabu12.00–02.00Kamis12.00–02.00Jumat12.00–02.00Sabtu12.00–02.00Minggu12.00–02.00Senin12.00–02.00Selasa12.00–02.00Sarankan jam buka baru
Bar Olahraga,MVP Sports Bar & Grill,,https://www.google.com/maps/place/MVP+Sports+Bar+%26+Grill/data=!4m7!3m6!1s0x2e6a1d8b6829adb3:0x8ef661fcf7aee72!8m2!3d-6.131797!4d106.793037!16s%2Fg%2F11c1l9nfnl!19sChIJs60paIsdai4Rcu56zx9m7wg?authuser=0&hl=id&rclk=1,,,Buka⋅ Tutup pukul 02.00,,(77),,"4,4 bintang",Rabu10.00–02.00Kamis10.00–02.00Jumat10.00–02.00Sabtu10.00–02.00Minggu10.00–02.00Senin10.00–02.00Selasa10.00–02.00Sarankan jam buka baru
Bar Olahraga,BLACKZONE BILLIARD BEKASI,,https://www.google.com/maps/place/BLACKZONE+BILLIARD+BEKASI/data=!4m7!3m6!1s0x2e698d00639648db:0x440bcc58f805d5f2!8m2!3d-6.2619202!4d106.9954287!16s%2Fg%2F11y5jqfrkn!19sChIJ20iWYwCNaS4R8tUF-FjMC0Q?authuser=0&hl=id&rclk=1,,,Buka⋅ Tutup pukul 03.00,,(396),,"4,9 bintang",Rabu11.00–03.00Kamis11.00–03.00Jumat11.00–03.00Sabtu11.00–03.00Minggu11.00–03.00Senin11.00–03.00Selasa11.00–03.00Sarankan jam buka baru
Bar Olahraga,L's Billiard Cafe,,https://www.google.com/maps/place/L%27s+Billiard+Cafe/data=!4m7!3m6!1s0x2e69e9b64ea7795b:0x71d12cc97a31b439!8m2!3d-6.4030639!4d106.7431704!16s%2Fg%2F11qh37jzfd!19sChIJW3mnTrbpaS4RObQxesks0XE?authuser=0&hl=id&rclk=1,,,Buka⋅ Tutup pukul 00.00,,(1),,"5,0 bintang",Rabu10.00–00.00Kamis10.00–00.00Jumat10.00–00.00Sabtu10.00–00.00Minggu10.00–00.00Senin10.00–00.00Selasa10.00–00.00Sarankan jam buka baru
Bar Olahraga,Ensal Billiard,,https://www.google.com/maps/place/Ensal+Billiard/data=!4m7!3m6!1s0x2e69eb005cda3d0b:0x3c9168ab3261f7b2!8m2!3d-6.3975073!4d106.8649899!16s%2Fg%2F11wg9_9fdp!19sChIJCz3aXADraS4RsvdhMqtokTw?authuser=0&hl=id&rclk=1,,,,,(3),,"3,7 bintang",
Bar Olahraga,RACE TO ELEVEN BILLIARD,,https://www.google.com/maps/place/RACE+TO+ELEVEN+BILLIARD/data=!4m7!3m6!1s0x2e69f70028c9b027:0x295a5c04e0f9f25e!8m2!3d-6.175889!4d106.780121!16s%2Fg%2F11y5lxq231!19sChIJJ7DJKAD3aS4RXvL54ARcWik?authuser=0&hl=id&rclk=1,,,Buka⋅ Tutup pukul 02.00,,(950),,"4,9 bintang",Rabu12.00–02.00Kamis12.00–02.00Jumat12.00–03.00Sabtu12.00–03.00Minggu12.00–03.00Senin12.00–02.00Selasa12.00–02.00Sarankan jam buka baru
Bar,Fez Sports Bar,,https://www.google.com/maps/place/Fez+Sports+Bar/data=!4m7!3m6!1s0x2e69f1c476cc795f:0xf21756491b19aeda!8m2!3d-6.2689933!4d106.815698!16s%2Fg%2F11y2jgl9k3!19sChIJX3nMdsTxaS4R2q4ZG0lWF_I?authuser=0&hl=id&rclk=1,,,Tutup⋅ Buka pukul 15.00,,(6),,"5,0 bintang",Rabu15.00–02.00Kamis15.00–02.00Jumat15.00–02.00Sabtu12.00–02.00Minggu15.00–02.00Senin15.00–02.00Selasa15.00–02.00Sarankan jam buka baru
Bar Olahraga,BC Batu Alam Adventure,,https://www.google.com/maps/place/BC+Batu+Alam+Adventure/data=!4m7!3m6!1s0x2e69e9f419bcb135:0x6970f0d56ed6b963!8m2!3d-6.4475108!4d106.8131536!16s%2Fg%2F11ggt2jt6z!19sChIJNbG8GfTpaS4RY7nWbtXwcGk?authuser=0&hl=id&rclk=1,,,Buka⋅ Tutup pukul 02.00,,(2),,"5,0 bintang",Rabu06.00–02.00Kamis06.00–02.00Jumat06.00–02.00Sabtu06.00–02.00Minggu06.00–02.00Senin06.00–02.00Selasa06.00–02.00Sarankan jam buka baru
Bar,Fez Sports Bar,,https://www.google.com/maps/place/Fez+Sports+Bar/data=!4m7!3m6!1s0x2e69f1c476cc795f:0xf21756491b19aeda!8m2!3d-6.2689933!4d106.815698!16s%2Fg%2F11y2jgl9k3!19sChIJX3nMdsTxaS4R2q4ZG0lWF_I?authuser=0&hl=id&rclk=1,,,Tutup⋅ Buka pukul 15.00,,(6),,"5,0 bintang",Rabu15.00–02.00Kamis15.00–02.00Jumat15.00–02.00Sabtu12.00–02.00Minggu15.00–02.00Senin15.00–02.00Selasa15.00–02.00Sarankan jam buka baru
Bar Olahraga,Pagar Nusa Kota Bekasi Selatan,,https://www.google.com/maps/place/Pagar+Nusa+Kota+Bekasi+Selatan/data=!4m7!3m6!1s0x2e698da50e89aca5:0xf7e3957d82dcddd4!8m2!3d-6.2651361!4d106.9688329!16s%2Fg%2F11hdb0g7yx!19sChIJpayJDqWNaS4R1N3cgn2V4_c?authuser=0&hl=id&rclk=1,,,Buka 24 jam,,(11),,"4,8 bintang",RabuBuka 24 jamKamisBuka 24 jamJumatBuka 24 jamSabtuBuka 24 jamMingguBuka 24 jamSeninBuka 24 jamSelasaBuka 24 jamSarankan jam buka baru
Bar Olahraga,Pro Billiard Center,,https://www.google.com/maps/place/Pro+Billiard+Center/data=!4m7!3m6!1s0x2e69f5002219c23f:0xeee35a453ed56a0b!8m2!3d-6.1841376!4d106.8320418!16s%2Fg%2F11m62p436y!19sChIJP8IZIgD1aS4RC2rVPkVa4-4?authuser=0&hl=id&rclk=1,,,Buka⋅ Tutup pukul 01.00,,(112),,"4,8 bintang",Rabu11.00–01.00Kamis11.00–01.00Jumat11.00–01.00Sabtu11.00–01.00Minggu11.00–01.00Senin11.00–01.00Selasa11.00–01.00Sarankan jam buka baru
Tempat Biliar,Station Billiard,,https://www.google.com/maps/place/Station+Billiard/data=!4m7!3m6!1s0x2e69e91b1be74503:0x1a65509ce82de9e!8m2!3d-6.4520143!4d106.8002671!16s%2Fg%2F11y6j7rtt_!19sChIJA0XnGxvpaS4Rnt6CzglVpgE?authuser=0&hl=id&rclk=1,,,Buka 24 jam,,(14),,"5,0 bintang",RabuBuka 24 jamKamisBuka 24 jamJumatBuka 24 jamSabtuBuka 24 jamMingguBuka 24 jamSeninBuka 24 jamSelasaBuka 24 jamSarankan jam buka baru
Bar,Europe Sport Bar & Cafe,,https://www.google.com/maps/place/Europe+Sport+Bar+%26+Cafe/data=!4m7!3m6!1s0x2e69f54221604495:0xdad1706b57db073b!8m2!3d-6.1944491!4d106.8229198!16s%2Fg%2F11c5h1qppd!19sChIJlURgIUL1aS4ROwfbV2tw0do?authuser=0&hl=id&rclk=1,,,Tutup⋅ Buka pukul 14.00,,(73),,"4,5 bintang",Rabu14.00–00.00Kamis14.00–00.00Jumat14.00–00.00Sabtu14.00–00.00Minggu14.00–00.00Senin14.00–00.00Selasa14.00–00.00Sarankan jam buka baru
Bar Olahraga,Jenar Home,,https://www.google.com/maps/place/Jenar+Home/data=!4m7!3m6!1s0x2e69eb0074f0897b:0x19906f929d05d9a0!8m2!3d-6.4238248!4d106.8335351!16s%2Fg%2F11xh910kg5!19sChIJe4nwdADraS4RoNkFnZJvkBk?authuser=0&hl=id&rclk=1,,,,,(4),,"5,0 bintang",
Tempat Biliar,Dungeon Pool Lounge,,https://www.google.com/maps/place/Dungeon+Pool+Lounge/data=!4m7!3m6!1s0x2e69f18870c549d7:0xed4fca26641ae56b!8m2!3d-6.2690289!4d106.8158558!16s%2Fg%2F11cjkp7vfc!19sChIJ10nFcIjxaS4Ra-UaZCbKT-0?authuser=0&hl=id&rclk=1,,,Tutup⋅ Buka pukul 16.00,,(565),,"4,6 bintang",Rabu16.00–02.00Kamis16.00–02.00Jumat16.00–02.00Sabtu16.00–02.00Minggu16.00–00.00Senin16.00–02.00Selasa16.00–02.00Sarankan jam buka baru
Bar Olahraga,Warbil Hajime warkop dan billiard,,https://www.google.com/maps/place/Warbil+Hajime+warkop+dan+billiard/data=!4m7!3m6!1s0x2e69e5fd9d360587:0x4b1e369226b278d2!8m2!3d-6.3459571!4d106.7149574!16s%2Fg%2F11l6s9y4xw!19sChIJhwU2nf3laS4R0niyJpI2Hks?authuser=0&hl=id&rclk=1,,,Buka⋅ Tutup pukul 03.00,,(127),,"4,9 bintang",Rabu10.00–03.00Kamis10.00–03.00Jumat10.00–03.00Sabtu10.00–03.00Minggu10.00–03.00Senin10.00–03.00Selasa10.00–03.00Sarankan jam buka baru
Bar Olahraga,ID Billiard Cibinong,,https://www.google.com/maps/place/ID+Billiard+Cibinong/data=!4m7!3m6!1s0x2e69c12864735fd7:0x74bb12f99dba379e!8m2!3d-6.4754461!4d106.8272018!16s%2Fg%2F11y2cn0ccl!19sChIJ119zZCjBaS4Rnje6nfkSu3Q?authuser=0&hl=id&rclk=1,,,Buka⋅ Tutup pukul 23.30,,(6),,"4,3 bintang",Rabu10.00–23.30Kamis10.00–23.30Jumat10.00–23.30Sabtu10.00–23.30Minggu10.00–23.30Senin10.00–23.30Selasa10.00–23.30Sarankan jam buka baru
Bar Olahraga,XYZ Billiard & Cafe,,https://www.google.com/maps/place/XYZ+Billiard+%26+Cafe/data=!4m7!3m6!1s0x2e69f7cd0902dea1:0xf7d7f0631eeb88b9!8m2!3d-6.1534123!4d106.796084!16s%2Fg%2F11vb19zs9q!19sChIJod4CCc33aS4RuYjrHmPw1_c?authuser=0&hl=id&rclk=1,,,Buka⋅ Tutup pukul 02.00,,(150),,"4,7 bintang",Rabu12.00–02.00Kamis12.00–02.00Jumat12.00–02.00Sabtu12.00–02.00Minggu12.00–02.00Senin12.00–02.00Selasa12.00–02.00Sarankan jam buka baru
Bar Olahraga,The YazMar,,https://www.google.com/maps/place/The+YazMar/data=!4m7!3m6!1s0x2e69ed448c7fbdd1:0x530b373c370e1ddd!8m2!3d-6.3259773!4d106.8940895!16s%2Fg%2F11tg4jg_h4!19sChIJ0b1_jETtaS4R3R0ONzw3C1M?authuser=0&hl=id&rclk=1,,,,,(1),,"5,0 bintang",
Bar Olahraga,Elarte Sport Cafe Sentul,,https://www.google.com/maps/place/Elarte+Sport+Cafe+Sentul/data=!4m7!3m6!1s0x2e69c1342776e7ff:0x3e011b5586255066!8m2!3d-6.5430589!4d106.8528758!16s%2Fg%2F11jjrhggs2!19sChIJ_-d2JzTBaS4RZlAlhlUbAT4?authuser=0&hl=id&rclk=1,,,Buka⋅ Tutup pukul 17.00,,(46),,"4,7 bintang",Rabu08.30–17.00Kamis08.30–17.00Jumat06.00–18.00Sabtu06.00–18.00Minggu08.30–17.00Senin08.30–17.00Selasa08.30–17.00Sarankan jam buka baru
Bar Olahraga,OPTIMO BILLIARD & CAFE JAKARTA,,https://www.google.com/maps/place/OPTIMO+BILLIARD+%26+CAFE+JAKARTA/data=!4m7!3m6!1s0x2e69f55c70c92ef9:0x3a742abf5c25b9bb!8m2!3d-6.1517305!4d106.8357484!16s%2Fg%2F11yfj2bqsm!19sChIJ-S7JcFz1aS4Ru7klXL8qdDo?authuser=0&hl=id&rclk=1,,,Buka⋅ Tutup pukul 02.00,,(5),,"4,2 bintang",Rabu10.00–02.00Kamis10.00–02.00Jumat10.00–02.00Sabtu10.00–02.00Minggu10.00–03.00Senin10.00–02.00Selasa10.00–02.00Sarankan jam buka baru
Bar Olahraga,Sirsak Twenty One,,https://www.google.com/maps/place/Sirsak+Twenty+One/data=!4m7!3m6!1s0x2e69c1fffbfd2e9d:0x55b3df7b06480294!8m2!3d-6.4799351!4d106.8285415!16s%2Fg%2F11gnq7720c!19sChIJnS79-__BaS4RlAJIBnvfs1U?authuser=0&hl=id&rclk=1,,,Buka 24 jam,,(3),,"5,0 bintang",RabuBuka 24 jamKamisBuka 24 jamJumatBuka 24 jamSabtuBuka 24 jamMingguBuka 24 jamSeninBuka 24 jamSelasaBuka 24 jamSarankan jam buka baru
Bar Olahraga,GTM AL IMAN,,https://www.google.com/maps/place/GTM+AL+IMAN/data=!4m7!3m6!1s0x2e69ed000e19813b:0x346c4d6f9874450d!8m2!3d-6.3396252!4d106.875396!16s%2Fg%2F11wp7sf5qj!19sChIJO4EZDgDtaS4RDUV0mG9NbDQ?authuser=0&hl=id&rclk=1,,,,,(3),,"5,0 bintang",
Bar,Eastern Promise Pub & Curry House,,https://www.google.com/maps/place/Eastern+Promise+Pub+%26+Curry+House/data=!4m7!3m6!1s0x2e69f1790eaa8459:0x4449cd326bd542!8m2!3d-6.254961!4d106.8094485!16s%2Fg%2F1pp2x91nb!19sChIJWYSqDnnxaS4RQtVrMs1JRAA?authuser=0&hl=id&rclk=1,,,Tutup⋅ Buka pukul 15.00,,(2.594),,"4,4 bintang",Rabu15.00–02.00Kamis15.00–02.00Jumat15.00–03.00Sabtu12.00–03.00Minggu12.00–02.00Senin15.00–02.00Selasa15.00–02.00Sarankan jam buka baru
Bar & Grill,100 Eatery & Bar,,https://www.google.com/maps/place/100+Eatery+%26+Bar/data=!4m7!3m6!1s0x2e69f14c2af16b57:0x71817258f4753d48!8m2!3d-6.2230084!4d106.8029029!16s%2Fg%2F1q5bm6czq!19sChIJV2vxKkzxaS4RSD119FhygXE?authuser=0&hl=id&rclk=1,,,Buka⋅ Tutup pukul 21.00,,(231),,"4,6 bintang",Rabu06.00–21.00Kamis06.00–21.00Jumat06.00–21.00Sabtu06.00–21.00Minggu06.00–21.00Senin06.00–21.00Selasa06.00–21.00Sarankan jam buka baru
Bar Olahraga,Service Treadmill,,https://www.google.com/maps/place/Service+Treadmill/data=!4m7!3m6!1s0x2e69f3c4addcf03b:0x4eb7281662d24c1e!8m2!3d-6.2578115!4d106.8532396!16s%2Fg%2F11s97v90x_!19sChIJO_DcrcTzaS4RHkzSYhYot04?authuser=0&hl=id&rclk=1,,,Buka⋅ Tutup pukul 22.00,,(2),,"5,0 bintang",Rabu08.00–22.00Kamis08.00–22.00Jumat08.00–22.00Sabtu08.00–22.00Minggu08.00–22.00Senin08.00–22.00Selasa08.00–22.00Sarankan jam buka baru
Bar,Satu Lagi Bar,,https://www.google.com/maps/place/Satu+Lagi+Bar/data=!4m7!3m6!1s0x2e69f1eab7addfad:0xf7eb89ccbb281ca9!8m2!3d-6.2835988!4d106.7908838!16s%2Fg%2F1tk20bzx!19sChIJrd-tt-rxaS4RqRwou8yJ6_c?authuser=0&hl=id&rclk=1,,,,,(456),,"4,4 bintang",
Bar Olahraga,Mantap Jiwa Club,,https://www.google.com/maps/place/Mantap+Jiwa+Club/data=!4m7!3m6!1s0x2e69e984390b91cb:0xc61f6963f9ef65b9!8m2!3d-6.441086!4d106.7425079!16s%2Fg%2F11pf3m6ymn!19sChIJy5ELOYTpaS4RuWXv-WNpH8Y?authuser=0&hl=id&rclk=1,,,Buka⋅ Tutup pukul 20.00,,(2),,"4,5 bintang",Rabu09.00–20.00Kamis09.00–20.00Jumat09.00–20.00Sabtu09.00–20.00Minggu09.00–21.00Senin09.00–20.00Selasa09.00–20.00Sarankan jam buka baru
Bar Olahraga,InDive Biliard & Drink,,https://www.google.com/maps/place/InDive+Biliard+%26+Drink/data=!4m7!3m6!1s0x2e69f19ac6be4379:0x63d9bd22cec6c243!8m2!3d-6.2595508!4d106.7820295!16s%2Fg%2F11t503bh_d!19sChIJeUO-xprxaS4RQ8LGziK92WM?authuser=0&hl=id&rclk=1,,,Tutup⋅ Buka pukul 15.00,,(1),,"5,0 bintang",Rabu15.00–01.00Kamis15.00–01.00Jumat15.00–01.00Sabtu15.00–02.00Minggu15.00–02.00Senin15.00–01.00Selasa15.00–01.00Sarankan jam buka baru
Pub,De Hooi,,https://www.google.com/maps/place/De+Hooi/data=!4m7!3m6!1s0x2e69f1cf156ded5d:0x34478c4cc65f0f8a!8m2!3d-6.2863864!4d106.7808434!16s%2Fg%2F1vmq6d63!19sChIJXe1tFc_xaS4Rig9fxkyMRzQ?authuser=0&hl=id&rclk=1,,,Tutup⋅ Buka pukul 14.00,,(2.103),,"4,5 bintang",Rabu14.00–02.00Kamis14.00–02.00Jumat14.00–02.00Sabtu14.00–02.00Minggu14.00–02.00Senin14.00–02.00Selasa14.00–02.00Sarankan jam buka baru
Bar Olahraga,RJ's Sport Bar & Grill,,https://www.google.com/maps/place/RJ%27s+Sport+Bar+%26+Grill/data=!4m7!3m6!1s0x2e69fc21bbf3cb69:0x8aed48f8ef0b3493!8m2!3d-6.2279002!4d106.6036361!16s%2Fg%2F11c0pyjc6w!19sChIJacvzuyH8aS4RkzQL7_hI7Yo?authuser=0&hl=id&rclk=1,,,Tutup⋅ Buka pukul 17.00,,(84),,"4,5 bintang",Rabu17.00–01.00Kamis17.00–01.00Jumat17.00–02.00Sabtu17.00–02.00Minggu17.00–01.00Senin17.00–01.00Selasa17.00–01.00Sarankan jam buka baru
Restoran,Attica Resto & Bar,,https://www.google.com/maps/place/Attica+Resto+%26+Bar/data=!4m7!3m6!1s0x2e69f31724d2c227:0xd8c4fb3ba9aa71a!8m2!3d-6.2275805!4d106.8243364!16s%2Fg%2F11jtrvc8qx!19sChIJJ8LSJBfzaS4RGqeaurNPjA0?authuser=0&hl=id&rclk=1,,,Buka⋅ Tutup pukul 02.00,,(874),,"4,8 bintang",Rabu11.00–02.00Kamis11.00–02.00Jumat11.00–02.00Sabtu16.00–02.00MingguTutupSenin11.00–02.00Selasa11.00–02.00Sarankan jam buka baru
Bar Olahraga,Glass Tables Billiard,,https://www.google.com/maps/place/Glass+Tables+Billiard/data=!4m7!3m6!1s0x2e69f50032d1e07f:0xbb46577f9bf26e63!8m2!3d-6.192815!4d106.8363629!16s%2Fg%2F11wg5s66n9!19sChIJf-DRMgD1aS4RY27ym39XRrs?authuser=0&hl=id&rclk=1,,,Tutup⋅ Buka pukul 15.00,,(76),,"5,0 bintang",Rabu15.00–02.00Kamis15.00–02.00Jumat15.00–02.00Sabtu15.00–02.00MingguTutupSenin15.00–02.00Selasa15.00–02.00Sarankan jam buka baru
Bar Olahraga,PSHT Rayon Radio Dalam,,https://www.google.com/maps/place/PSHT+Rayon+Radio+Dalam/data=!4m7!3m6!1s0x2e69f1816477c3cd:0xb83bd3502ea707de!8m2!3d-6.252345!4d106.7886292!16s%2Fg%2F11n0lb7m66!19sChIJzcN3ZIHxaS4R3genLlDTO7g?authuser=0&hl=id&rclk=1,,,Buka⋅ Tutup pukul 00.00,,(3),,"5,0 bintang",RabuBuka 24 jamKamisTutupJumatTutupSabtuTutupMingguTutupSeninTutupSelasaTutupSarankan jam buka baru
Bar Olahraga,ABC Billiards,,https://www.google.com/maps/place/ABC+Billiards/data=!4m7!3m6!1s0x2e69e527b05d5097:0x2b63da6f274346cb!8m2!3d-6.3496944!4d106.6887373!16s%2Fg%2F11qnvmzc48!19sChIJl1BdsCflaS4Ry0ZDJ2_aYys?authuser=0&hl=id&rclk=1,,,Segera buka⋅ Buka pukul 13.00,,(116),,"4,4 bintang",Rabu13.00–00.00Kamis13.00–00.00Jumat13.00–00.00Sabtu13.00–00.00Minggu13.00–00.00Senin13.00–00.00Selasa13.00–00.00Sarankan jam buka baru
Bar Olahraga,Parkour warriors,,https://www.google.com/maps/place/Parkour+warriors/data=!4m7!3m6!1s0x2e69f531502e9afb:0xb7a4ad01b511aa9d!8m2!3d-6.1936787!4d106.8410884!16s%2Fg%2F11ykd2194c!19sChIJ-5ouUDH1aS4RnaoRtQGtpLc?authuser=0&hl=id&rclk=1,,,Tutup⋅ Buka pukul 15.00,,,,,Rabu15.00–17.30Kamis15.00–17.30Jumat15.00–17.30Sabtu15.00–17.30Minggu15.00–17.30Senin15.00–17.30Selasa15.00–17.30Sarankan jam buka baru
Bar Hokah,Sport Cafe and shisha,,https://www.google.com/maps/place/Sport+Cafe+and+shisha/data=!4m7!3m6!1s0x2e69f40ebcee5eef:0x1417868484f9d08f!8m2!3d-6.2107178!4d106.8346691!16s%2Fg%2F11bbx0b9ff!19sChIJ717uvA70aS4Rj9D5hISGFxQ?authuser=0&hl=id&rclk=1,,,Tutup⋅ Buka pukul 16.00,,(302),,"4,3 bintang",Rabu16.00–00.00Kamis16.00–00.00Jumat16.00–00.00Sabtu11.00–23.00Minggu16.00–01.00Senin16.00–00.00Selasa16.00–00.00Sarankan jam buka baru
Bar Olahraga,HAIDAR ESPORT,,https://www.google.com/maps/place/HAIDAR+ESPORT/data=!4m7!3m6!1s0x2e69eff5c4f43513:0x55cef51d498969c3!8m2!3d-6.3199546!4d106.7610003!16s%2Fg%2F11wv8070pw!19sChIJEzX0xPXvaS4Rw2mJSR31zlU?authuser=0&hl=id&rclk=1,,,,,,,,
Bar Olahraga,PTM CANDIL,,https://www.google.com/maps/place/PTM+CANDIL/data=!4m7!3m6!1s0x2e69fb002cf8d8f9:0xb812cb8a80523f9a!8m2!3d-6.30159!4d106.6943017!16s%2Fg%2F11xsgbf5z9!19sChIJ-dj4LAD7aS4Rmj9SgIrLErg?authuser=0&hl=id&rclk=1,,,,,(5),,"5,0 bintang",
Bar Olahraga,Lapangan Futsal Bunda,,https://www.google.com/maps/place/Lapangan+Futsal+Bunda/data=!4m7!3m6!1s0x2e69e975a157bd61:0x1f7abdeb4ee9208b!8m2!3d-6.4213484!4d106.7975675!16s%2Fg%2F11hbt3nkhw!19sChIJYb1XoXXpaS4RiyDpTuu9eh8?authuser=0&hl=id&rclk=1,,,Buka 24 jam,,(15),,"4,3 bintang",RabuBuka 24 jamKamisBuka 24 jamJumatBuka 24 jamSabtuBuka 24 jamMingguBuka 24 jamSeninBuka 24 jamSelasaBuka 24 jamSarankan jam buka baru
Bar Olahraga,PTM one,,https://www.google.com/maps/place/PTM+one/data=!4m7!3m6!1s0x2e69f100189f149d:0x9fdbc87eeea20be6!8m2!3d-6.2846544!4d106.7658126!16s%2Fg%2F11x_rr2szs!19sChIJnRSfGADxaS4R5gui7n7I258?authuser=0&hl=id&rclk=1,,,,,,,,
Bar Olahraga,maxim178,,https://www.google.com/maps/place/maxim178/data=!4m7!3m6!1s0x2e69f73aa9e5b679:0xc2294564827c645e!8m2!3d-6.1815466!4d106.8082887!16s%2Fg%2F11vz3vfbl8!19sChIJebblqTr3aS4RXmR8gmRFKcI?authuser=0&hl=id&rclk=1,,,Buka 24 jam,,(3),,"5,0 bintang",RabuBuka 24 jamKamisBuka 24 jamJumatBuka 24 jamSabtuBuka 24 jamMingguBuka 24 jamSeninBuka 24 jamSelasaBuka 24 jamSarankan jam buka baru
Bar Olahraga,Xavier Billiard,,https://www.google.com/maps/place/Xavier+Billiard/data=!4m7!3m6!1s0x2e698b00292a662f:0x3fab2148ae563c8b!8m2!3d-6.1890499!4d106.9738921!16s%2Fg%2F11y54vnxw_!19sChIJL2YqKQCLaS4RizxWrkghqz8?authuser=0&hl=id&rclk=1,,,Buka⋅ Tutup pukul 04.00,,(71),,"4,7 bintang",Rabu12.00–04.00Kamis12.00–04.00Jumat12.00–04.00Sabtu12.00–04.00Minggu12.00–04.00Senin12.00–04.00Selasa12.00–04.00Sarankan jam buka baru
Bar Olahraga,GOR METLAND CILEUNGSI (JONGGOL),,https://www.google.com/maps/place/GOR+METLAND+CILEUNGSI+%28JONGGOL%29/data=!4m7!3m6!1s0x2e6995c0fdc5694f:0x6d4f3832111b1d23!8m2!3d-6.3962419!4d106.9766802!16s%2Fg%2F11t18ch5sb!19sChIJT2nF_cCVaS4RIx0bETI4T20?authuser=0&hl=id&rclk=1,,,,,(22),,"4,5 bintang",
Bar Olahraga,DYN SPORT HUB,,https://www.google.com/maps/place/DYN+SPORT+HUB/data=!4m7!3m6!1s0x2e69f7001c99595d:0x59953429630a0dd6!8m2!3d-6.1861355!4d106.7333797!16s%2Fg%2F11y068bv4m!19sChIJXVmZHAD3aS4R1g0KYyk0lVk?authuser=0&hl=id&rclk=1,,,,,,,,
Bar Olahraga,Tuan Muda Sport Bar - Gading Serpong,,https://www.google.com/maps/place/Tuan+Muda+Sport+Bar+-+Gading+Serpong/data=!4m7!3m6!1s0x2e69fd80620577bd:0xf75f28c64db921da!8m2!3d-6.2672684!4d106.6190455!16s%2Fg%2F11v0xs5pq_!19sChIJvXcFYoD9aS4R2iG5TcYoX_c?authuser=0&hl=id&rclk=1,,,Tutup⋅ Buka pukul 14.00,,(27),,"5,0 bintang",Rabu14.00–00.00Kamis14.00–00.00Jumat14.00–02.00Sabtu12.00–02.00Minggu14.00–02.00SeninTutupSelasa14.00–00.00Sarankan jam buka baru
Bar Olahraga,IAMSHOP,,https://www.google.com/maps/place/IAMSHOP/data=!4m7!3m6!1s0x2e69f533ac06b3bb:0x9ebd0fe2be308969!8m2!3d-6.2161639!4d106.8225153!16s%2Fg%2F11q8vgm9l7!19sChIJu7MGrDP1aS4RaYkwvuIPvZ4?authuser=0&hl=id&rclk=1,,,Buka 24 jam,,,,,RabuBuka 24 jamKamisBuka 24 jamJumatTutupSabtuBuka 24 jamMinggu06.00–13.00SeninBuka 24 jamSelasaBuka 24 jamSarankan jam buka baru
Bar Olahraga,Neroclub,,https://www.google.com/maps/place/Neroclub/data=!4m7!3m6!1s0x2e69f341662c54cb:0xda29431c520235d3!8m2!3d-6.2641406!4d106.8370122!16s%2Fg%2F11xnd8ht83!19sChIJy1QsZkHzaS4R0zUCUhxDKdo?authuser=0&hl=id&rclk=1,,,,,,,,
Bar Olahraga,Planet olahraga,,https://www.google.com/maps/place/Planet+olahraga/data=!4m7!3m6!1s0x2e69f3525ba5b915:0x8938a846b33dee77!8m2!3d-6.2959814!4d106.8890129!16s%2Fg%2F11vl527gxc!19sChIJFbmlW1LzaS4Rd-49s0aoOIk?authuser=0&hl=id&rclk=1,,,,,,,,
Bar Olahraga,Sanggar senam rambutan,,https://www.google.com/maps/place/Sanggar+senam+rambutan/data=!4m7!3m6!1s0x2e69e90038b0d9d5:0x5fb58f8e7e0ab36b!8m2!3d-6.4121875!4d106.7800625!16s%2Fg%2F11xygsj0ks!19sChIJ1dmwOADpaS4Ra7MKfo6PtV8?authuser=0&hl=id&rclk=1,,,,,(2),,"5,0 bintang",
Klub Biliar,H Billiard Bar&Cafe (BSD),,https://www.google.com/maps/place/H+Billiard+Bar%26Cafe+%28BSD%29/data=!4m7!3m6!1s0x2e69fb45b116a15f:0x55a9f3cbdfd36b62!8m2!3d-6.2853033!4d106.6375923!16s%2Fg%2F11wf_4bk51!19sChIJX6EWsUX7aS4RYmvT38vzqVU?authuser=0&hl=id&rclk=1,,,Buka⋅ Tutup pukul 02.00,,(718),,"5,0 bintang",Rabu12.00–02.00Kamis12.00–02.00Jumat12.00–02.00Sabtu12.00–02.00Minggu12.00–02.00Senin12.00–02.00Selasa12.00–02.00Sarankan jam buka baru
Bar,Brewerkz,,https://www.google.com/maps/place/Brewerkz/data=!4m7!3m6!1s0x2e69fb35649b3db7:0x3811e584aa52f24e!8m2!3d-6.3014525!4d106.653646!16s%2Fg%2F11c44dywrs!19sChIJtz2bZDX7aS4RTvJSqoTlETg?authuser=0&hl=id&rclk=1,,,Buka⋅ Tutup pukul 00.00,,(969),,"4,6 bintang",Rabu10.00–00.00Kamis10.00–00.00Jumat10.00–00.00Sabtu10.00–00.00Minggu11.00–00.00Senin10.00–00.00Selasa10.00–00.00Sarankan jam buka baru
Restoran Jerman,Paulaner Bräuhaus,,https://www.google.com/maps/place/Paulaner+Br%C3%A4uhaus/data=!4m7!3m6!1s0x2e69f5d31bed044f:0x104c0c0ef0821b4c!8m2!3d-6.1963902!4d106.8225851!16s%2Fg%2F1tq_yygq!19sChIJTwTtG9P1aS4RTBuC8A4MTBA?authuser=0&hl=id&rclk=1,,,Buka⋅ Tutup pukul 00.00,,(7.422),,"4,6 bintang",Rabu11.30–00.00Kamis11.30–00.00Jumat11.30–01.00Sabtu11.30–01.00Minggu11.30–00.00Senin11.30–00.00Selasa11.30–00.00Sarankan jam buka baru
Bar Olahraga,daina • RevoLuTioneR,,https://www.google.com/maps/place/daina+%E2%80%A2+RevoLuTioneR/data=!4m7!3m6!1s0x2e69f5599040bcab:0x7c749e815b02a5d0!8m2!3d-6.1938546!4d106.8991727!16s%2Fg%2F11svb80lhg!19sChIJq7xAkFn1aS4R0KUCW4GedHw?authuser=0&hl=id&rclk=1,,,Buka⋅ Tutup pukul 23.30,,(2),,"3,0 bintang",Rabu12.30–23.30Kamis12.30–23.30Jumat12.30–23.30Sabtu12.30–23.30MingguTutupSenin12.30–23.30Selasa12.30–23.30Sarankan jam buka baru
Bar Olahraga,SBR POOL,,https://www.google.com/maps/place/SBR+POOL/data=!4m7!3m6!1s0x2e69f10046c0ce2d:0x2718c9961ace6e3d!8m2!3d-6.2748607!4d106.7482737!16s%2Fg%2F11xmqflfm_!19sChIJLc7ARgDxaS4RPW7OGpbJGCc?authuser=0&hl=id&rclk=1,,,,,,,,
Bar,GODINSPIRITS SPORTS BAR,,https://www.google.com/maps/place/GODINSPIRITS+SPORTS+BAR/data=!4m7!3m6!1s0x2e69f5cef5ad8021:0xf96d4744f2f26280!8m2!3d-6.154141!4d106.852033!16s%2Fg%2F11vy0y6nhc!19sChIJIYCt9c71aS4RgGLy8kRHbfk?authuser=0&hl=id&rclk=1,,,Tutup⋅ Buka pukul 14.00,,(4),,"5,0 bintang",Rabu14.00–02.00Kamis14.00–00.00Jumat14.00–02.00Sabtu14.00–02.00Minggu14.00–00.00Senin14.00–00.00Selasa14.00–00.00Sarankan jam buka baru
Bar Olahraga,PTM PINEL,,https://www.google.com/maps/place/PTM+PINEL/data=!4m7!3m6!1s0x2e698b0008d4b6af:0xbac85499352d1208!8m2!3d-6.1976818!4d106.9403312!16s%2Fg%2F11vs2wx8gd!19sChIJr7bUCACLaS4RCBItNZlUyLo?authuser=0&hl=id&rclk=1,,,Buka 24 jam,,(6),,"5,0 bintang",RabuBuka 24 jamKamisBuka 24 jamJumatBuka 24 jamSabtuBuka 24 jamMingguBuka 24 jamSeninBuka 24 jamSelasaBuka 24 jamSarankan jam buka baru
Bar Olahraga,PTM SIGMA,,https://www.google.com/maps/place/PTM+SIGMA/data=!4m7!3m6!1s0x2e69f9005e1d96a1:0xdfc118c3366cbcf9!8m2!3d-6.1979242!4d106.6822071!16s%2Fg%2F11zhxs6f6c!19sChIJoZYdXgD5aS4R-bxsNsMYwd8?authuser=0&hl=id&rclk=1,,,Buka 24 jam,,,,,RabuBuka 24 jamKamisBuka 24 jamJumatBuka 24 jamSabtuBuka 24 jamMingguBuka 24 jamSeninBuka 24 jamSelasaBuka 24 jamSarankan jam buka baru
,Hideout Sports Bar and Lounge,,https://www.google.com/maps/place/Hideout+Sports+Bar+and+Lounge/data=!4m7!3m6!1s0x2e69f31d13d40e4f:0x2d4b9a6045776981!8m2!3d-6.2202373!4d106.8343782!16s%2Fg%2F11kpqz0rhg!19sChIJTw7UEx3zaS4RgWl3RWCaSy0?authuser=0&hl=id&rclk=1,,,Tutup permanen,,(23),,"4,7 bintang",
,The Tavern Jakarta Sport's Bar & Cafe,,https://www.google.com/maps/place/The+Tavern+Jakarta+Sport%27s+Bar+%26+Cafe/data=!4m7!3m6!1s0x2e69f1696ce429f5:0x85c63c0f40840f45!8m2!3d-6.2425845!4d106.8010307!16s%2Fg%2F11b7q6f8gz!19sChIJ9SnkbGnxaS4RRQ-EQA88xoU?authuser=0&hl=id&rclk=1,,,Tutup permanen,,(90),,"4,2 bintang",
Bar Olahraga,2ndfloorbilliard,,https://www.google.com/maps/place/2ndfloorbilliard/data=!4m7!3m6!1s0x2e69f52f2642ab61:0xd1068a3f260ab57e!8m2!3d-6.1623729!4d106.9065093!16s%2Fg%2F11rnxyr6c_!19sChIJYatCJi_1aS4RfrUKJj-KBtE?authuser=0&hl=id&rclk=1,,,Tutup⋅ Buka pukul 17.30,,(42),,"5,0 bintang",Rabu17.30–02.00Kamis17.30–02.00Jumat17.30–02.00Sabtu17.30–02.00Minggu17.30–02.00Senin17.30–02.00Selasa17.30–02.00Sarankan jam buka baru
Bar Olahraga,Falcon Sport's Bar @New Terminal,,https://www.google.com/maps/place/Falcon+Sport%27s+Bar+@New+Terminal/data=!4m7!3m6!1s0x2e69f7eaa07326a7:0xde68848d441686c0!8m2!3d-6.1371597!4d106.7333827!16s%2Fg%2F11h51bz4bz!19sChIJpyZzoOr3aS4RwIYWRI2EaN4?authuser=0&hl=id&rclk=1,,,Tutup⋅ Buka pukul 17.00,,(33),,"4,7 bintang",Rabu17.00–02.00Kamis17.00–02.00Jumat17.00–02.00Sabtu17.00–02.00Minggu17.00–02.00Senin17.00–02.00Selasa17.00–02.00Sarankan jam buka baru
Bar Olahraga,PB permata 47,,https://www.google.com/maps/place/PB+permata+47/data=!4m7!3m6!1s0x2e69c14812493f2b:0xcd01925822ad6912!8m2!3d-6.5083473!4d106.8191189!16s%2Fg%2F11s5w0lffg!19sChIJKz9JEkjBaS4REmmtIliSAc0?authuser=0&hl=id&rclk=1,,,Buka 24 jam,,(2),,"5,0 bintang",RabuBuka 24 jamKamisBuka 24 jamJumatBuka 24 jamSabtuBuka 24 jamMingguBuka 24 jamSeninBuka 24 jamSelasaBuka 24 jamSarankan jam buka baru
Bar Olahraga,WESTON BILLIARD POLL AND CAFE,,https://www.google.com/maps/place/WESTON+BILLIARD+POLL+AND+CAFE/data=!4m7!3m6!1s0x2e698b7c25a8cddf:0x5452760a89034c8e!8m2!3d-6.1982244!4d106.9750978!16s%2Fg%2F11wjxq7gx3!19sChIJ382oJXyLaS4RjkwDiQp2UlQ?authuser=0&hl=id&rclk=1,,,Segera buka⋅ Buka pukul 13.00,,(130),,"4,4 bintang",Rabu13.00–03.00Kamis13.00–03.00Jumat13.00–04.00Sabtu13.00–04.00Minggu13.00–03.00Senin13.00–03.00Selasa13.00–03.00Sarankan jam buka baru
Bar Olahraga,Cabang Permata Bearland,,https://www.google.com/maps/place/Cabang+Permata+Bearland/data=!4m7!3m6!1s0x2e69f5007cf2acbd:0x6df06e87daafb931!8m2!3d-6.206743!4d106.8496195!16s%2Fg%2F11yjv6g7b9!19sChIJvazyfAD1aS4RMbmv2odu8G0?authuser=0&hl=id&rclk=1,,,,,,,,
Bar Olahraga,Brown Store Graha Raya Bintaro | Toko baju olahraga bintaro|,,https://www.google.com/maps/place/Brown+Store+Graha+Raya+Bintaro+%7C+Toko+baju+olahraga+bintaro%7C/data=!4m7!3m6!1s0x2e69fb6f262d276d:0xe80668e5a02b9f8b!8m2!3d-6.263193!4d106.6877498!16s%2Fg%2F11rjv6bk7y!19sChIJbSctJm_7aS4Ri58roOVoBug?authuser=0&hl=id&rclk=1,,,Buka⋅ Tutup pukul 19.00,,(6),,"5,0 bintang",Rabu10.00–19.00Kamis10.00–19.00Jumat10.00–19.00Sabtu07.00–19.00Minggu07.00–19.00Senin10.30–19.00Selasa10.00–19.00Sarankan jam buka baru
Bar Olahraga,Tenis daan mogot,,https://www.google.com/maps/place/Tenis+daan+mogot/data=!4m7!3m6!1s0x2e69f7005305e2f9:0x7f17e4e6cf9109af!8m2!3d-6.1625786!4d106.7745489!16s%2Fg%2F11ycldnq9_!19sChIJ-eIFUwD3aS4RrwmRz-bkF38?authuser=0&hl=id&rclk=1,,,,,,,,
Bar Olahraga,GYM Mexico,,https://www.google.com/maps/place/GYM+Mexico/data=!4m7!3m6!1s0x2e69f7007813163d:0x21a25a51754cf875!8m2!3d-6.1675348!4d106.7746585!16s%2Fg%2F11x7pwn7r5!19sChIJPRYTeAD3aS4RdfhMdVFaoiE?authuser=0&hl=id&rclk=1,,,,,(3),,"5,0 bintang",
Tempat Biliar,Grey House billiard & cafe,,https://www.google.com/maps/place/Grey+House+billiard+%26+cafe/data=!4m7!3m6!1s0x2e69eff0c0b6fb89:0xa90ee1997922abd0!8m2!3d-6.2921174!4d106.745571!16s%2Fg%2F11sj98xx9l!19sChIJifu2wPDvaS4R0KsieZnhDqk?authuser=0&hl=id&rclk=1,,,Tutup⋅ Buka pukul 15.00,,(247),,"4,6 bintang",Rabu15.00–01.00Kamis15.00–01.00Jumat13.00–03.00Sabtu15.00–01.00Minggu15.00–01.00Senin15.00–01.00Selasa15.00–01.00Sarankan jam buka baru
Bar Olahraga,21 Billiard,,https://www.google.com/maps/place/21+Billiard/data=!4m7!3m6!1s0x2e69f9552894ccd3:0xf2c843dc9dddc3ce!8m2!3d-6.1938152!4d106.7099359!16s%2Fg%2F11r1rgdyws!19sChIJ08yUKFX5aS4RzsPdndxDyPI?authuser=0&hl=id&rclk=1,,,Tutup⋅ Buka pukul 14.00,,(65),,"4,8 bintang",Rabu14.00–01.00Kamis14.00–01.00Jumat14.00–01.00Sabtu14.00–01.00Minggu14.00–01.00Senin14.00–01.00Selasa14.00–01.00Sarankan jam buka baru
Arena Bowling,Spin City,,https://www.google.com/maps/place/Spin+City/data=!4m7!3m6!1s0x2e69fb3504d87433:0x9c8b1c1c99375d07!8m2!3d-6.3027!4d106.6551!16s%2Fg%2F11df05xx_6!19sChIJM3TYBDX7aS4RB103mRwci5w?authuser=0&hl=id&rclk=1,,,Buka⋅ Tutup pukul 00.00,,(2.646),,"4,5 bintang",Rabu10.00–00.00Kamis10.00–00.00Jumat10.00–02.00Sabtu10.00–02.00Minggu10.00–00.00Senin10.00–00.00Selasa10.00–00.00Sarankan jam buka baru
Bar Olahraga,bilsport,,https://www.google.com/maps/place/bilsport/data=!4m7!3m6!1s0x2e69f137b71bc64f:0xf307a2085a804523!8m2!3d-6.2595128!4d106.7446676!16s%2Fg%2F11h_785pqh!19sChIJT8YbtzfxaS4RI0WAWgiiB_M?authuser=0&hl=id&rclk=1,,,,,(1),,"1,0 bintang",
Bar Olahraga,Ptm 25 rebord,,https://www.google.com/maps/place/Ptm+25+rebord/data=!4m7!3m6!1s0x2e69f30019dc8e23:0x2b521968322780b5!8m2!3d-6.2386109!4d106.9019611!16s%2Fg%2F11xzs9fj97!19sChIJI47cGQDzaS4RtYAnMmgZUis?authuser=0&hl=id&rclk=1,,,,,,,,
Bar Olahraga,Tipsy Hippo,,https://www.google.com/maps/place/Tipsy+Hippo/data=!4m7!3m6!1s0x2e699b00616a45df:0x2524efc86b7a3cd7!8m2!3d-6.3330144!4d107.1396697!16s%2Fg%2F11vz256vpb!19sChIJ30VqYQCbaS4R1zx6a8jvJCU?authuser=0&hl=id&rclk=1,,,Tutup⋅ Buka pukul 15.00,,(22),,"4,5 bintang",Rabu15.00–00.30Kamis15.00–00.30Jumat15.00–02.00Sabtu15.00–02.30Minggu12.00–21.00Senin15.00–00.30Selasa15.00–00.30Sarankan jam buka baru
Bar Olahraga,Bull 'n' Bear Sports Arena,,https://www.google.com/maps/place/Bull+%27n%27+Bear+Sports+Arena/data=!4m7!3m6!1s0x2e699bce0b2ee41d:0xfd4d43cb31abf091!8m2!3d-6.3313772!4d107.1397884!16s%2Fg%2F11vdnvyr1b!19sChIJHeQuC86baS4RkfCrMctDTf0?authuser=0&hl=id&rclk=1,,,Tutup⋅ Buka pukul 18.00,,(6),,"5,0 bintang",Rabu18.00–02.00Kamis18.00–02.00Jumat18.00–02.00Sabtu18.00–02.00Minggu18.00–02.00Senin18.00–02.00Selasa18.00–02.00Sarankan jam buka baru
Toko Peralatan Olahraga,Anugrah Sport service Tredmill / Alat Fitnes,,https://www.google.com/maps/place/Anugrah+Sport+service+Tredmill+%2F+Alat+Fitnes/data=!4m7!3m6!1s0x2e69f5329e8ef843:0x7270d599e64f8383!8m2!3d-6.2094751!4d106.8998017!16s%2Fg%2F11shx4s70c!19sChIJQ_iOnjL1aS4Rg4NP5pnVcHI?authuser=0&hl=id&rclk=1,,,Buka 24 jam,,(39),,"5,0 bintang",RabuBuka 24 jamKamisBuka 24 jamJumatBuka 24 jamSabtuBuka 24 jamMingguBuka 24 jamSeninBuka 24 jamSelasaBuka 24 jamSarankan jam buka baru
Bar Olahraga,Lapangan Badminton BARAYA,,https://www.google.com/maps/place/Lapangan+Badminton+BARAYA/data=!4m7!3m6!1s0x2e69e7a91de06c5f:0x10728c902243e312!8m2!3d-6.4334102!4d106.7145208!16s%2Fg%2F11h9hs9wnc!19sChIJX2zgHannaS4REuNDIpCMchA?authuser=0&hl=id&rclk=1,,,Buka 24 jam,,(8),,"4,8 bintang",RabuBuka 24 jamKamisBuka 24 jamJumatBuka 24 jamSabtuBuka 24 jamMingguBuka 24 jamSeninBuka 24 jamSelasaBuka 24 jamSarankan jam buka baru
Bar Olahraga,VIRGO GIM & muangthai,,https://www.google.com/maps/place/VIRGO+GIM+%26+muangthai/data=!4m7!3m6!1s0x2e69eb000abec2f9:0x925364d843ffec7a!8m2!3d-6.3927353!4d106.9088128!16s%2Fg%2F11w3_fqcrc!19sChIJ-cK-CgDraS4Reuz_Q9hkU5I?authuser=0&hl=id&rclk=1,,,,,,,,
Bar Olahraga,Kenz Bilyard,,https://www.google.com/maps/place/Kenz+Bilyard/data=!4m7!3m6!1s0x2e69e5003b45b9af:0xe07dcf8def0455eb!8m2!3d-6.3631894!4d106.6636848!16s%2Fg%2F11w1v9kxvs!19sChIJr7lFOwDlaS4R61UE743PfeA?authuser=0&hl=id&rclk=1,,,,,(1),,"5,0 bintang",
Tempat Fitness,Gymnasyum | Gym Bintaro,,https://www.google.com/maps/place/Gymnasyum+%7C+Gym+Bintaro/data=!4m7!3m6!1s0x2e69fb3a9d60774d:0xaafc65bae083ffa9!8m2!3d-6.2728702!4d106.7135177!16s%2Fg%2F11wnyt4tj0!19sChIJTXdgnTr7aS4Rqf-D4Lpl_Ko?authuser=0&hl=id&rclk=1,,,Buka⋅ Tutup pukul 21.00,,(113),,"5,0 bintang",Rabu06.00–21.00Kamis06.00–21.00Jumat06.00–21.00Sabtu06.00–13.00Minggu06.00–13.00Senin06.00–21.00Selasa06.00–21.00Sarankan jam buka baru
Bar Olahraga,LAPANGAN BADMINTON BAIM,,https://www.google.com/maps/place/LAPANGAN+BADMINTON+BAIM/data=!4m7!3m6!1s0x2e69e3a2c3359019:0x2b982fd581f25703!8m2!3d-6.3402803!4d106.6139966!16s%2Fg%2F11qqj8vtgm!19sChIJGZA1w6LjaS4RA1fygdUvmCs?authuser=0&hl=id&rclk=1,,,Buka 24 jam,,(10),,"5,0 bintang",RabuBuka 24 jamKamisBuka 24 jamJumatBuka 24 jamSabtuBuka 24 jamMingguBuka 24 jamSeninBuka 24 jamSelasaBuka 24 jamSarankan jam buka baru
Bar Olahraga,PTM METEOR,,https://www.google.com/maps/place/PTM+METEOR/data=!4m7!3m6!1s0x2e69e50002d905a3:0x72de91c9f816fc1c!8m2!3d-6.3208268!4d106.7139301!16s%2Fg%2F11lmkjkbxp!19sChIJowXZAgDlaS4RHPwW-MmR3nI?authuser=0&hl=id&rclk=1,,,,,,,,
Bar Olahraga,PTM MABAR,,https://www.google.com/maps/place/PTM+MABAR/data=!4m7!3m6!1s0x2e69c100200b204d:0x22f68483287db78c!8m2!3d-6.4625122!4d106.8535239!16s%2Fg%2F11wty2xglv!19sChIJTSALIADBaS4RjLd9KIOE9iI?authuser=0&hl=id&rclk=1,,,Tutup⋅ Buka Kam pukul 09.00,,(2),,"4,0 bintang",Rabu09.00–12.00Kamis09.00–12.00Jumat09.00–12.00Sabtu09.00–12.00Minggu09.00–12.00Senin09.00–12.00Selasa09.00–12.00Sarankan jam buka baru
Bar Olahraga,DAFELA Futsal,,https://www.google.com/maps/place/DAFELA+Futsal/data=!4m7!3m6!1s0x2e698d477969fecd:0x73b0343541cc4e65!8m2!3d-6.2662546!4d106.9362267!16s%2Fg%2F11tsn4mzp7!19sChIJzf5peUeNaS4RZU7MQTU0sHM?authuser=0&hl=id&rclk=1,,,,,(5),,"4,0 bintang",
Bar Olahraga,UD ANGGATEX,,https://www.google.com/maps/place/UD+ANGGATEX/data=!4m7!3m6!1s0x2e69f13dff938d35:0xf65d44482a0e6338!8m2!3d-6.241042!4d106.7401831!16s%2Fg%2F11wj26_ybf!19sChIJNY2T_z3xaS4ROGMOKkhEXfY?authuser=0&hl=id&rclk=1,,,Buka⋅ Tutup pukul 21.00,,(5),,"4,2 bintang",Rabu09.00–21.00Kamis09.00–21.00Jumat09.00–21.00Sabtu09.00–18.00Minggu09.00–17.30Senin09.00–21.00Selasa09.00–21.00Sarankan jam buka baru
Bar Olahraga,Sir Agus Fighting club,,https://www.google.com/maps/place/Sir+Agus+Fighting+club/data=!4m7!3m6!1s0x2e69f946b7cad383:0x50fc670fd5f37483!8m2!3d-6.142969!4d106.7011978!16s%2Fg%2F11nwwr70hk!19sChIJg9PKt0b5aS4Rg3Tz1Q9n_FA?authuser=0&hl=id&rclk=1,,,Tutup⋅ Buka Sab pukul 00.00,,(4),,"4,8 bintang",RabuTutupKamisTutupJumatTutupSabtuBuka 24 jamMingguBuka 24 jamSeninTutupSelasaTutupSarankan jam buka baru
Bar Olahraga,Lapangan Bulutangkis Warhidal,,https://www.google.com/maps/place/Lapangan+Bulutangkis+Warhidal/data=!4m7!3m6!1s0x2e69e90044f93a01:0x6b1cf33195c3c21b!8m2!3d-6.4005002!4d106.7742083!16s%2Fg%2F11y87f_s97!19sChIJATr5RADpaS4RG8LDlTHzHGs?authuser=0&hl=id&rclk=1,,,,,,,,
Bar Olahraga,Lapangan petanque K@sa petanque club,,https://www.google.com/maps/place/Lapangan+petanque+K@sa+petanque+club/data=!4m7!3m6!1s0x2e69c30066e78163:0xaa44b755bf4039c!8m2!3d-6.5333207!4d106.8149574!16s%2Fg%2F11x911py7q!19sChIJY4HnZgDDaS4RnAP0W3VLpAo?authuser=0&hl=id&rclk=1,,,,,,,,
Bar Olahraga,Sekretariat MS JAGA LAWANG,,https://www.google.com/maps/place/Sekretariat+MS+JAGA+LAWANG/data=!4m7!3m6!1s0x2e69ef0072d13d7d:0x3486f291ad6cde28!8m2!3d-6.3436094!4d106.7323522!16s%2Fg%2F11wxmsynyg!19sChIJfT3RcgDvaS4RKN5srZHyhjQ?authuser=0&hl=id&rclk=1,,,,,,,,
Bar,GOTEAM BEKASI,,https://www.google.com/maps/place/GOTEAM+BEKASI/data=!4m7!3m6!1s0x2e698df7afbe164f:0x31272e7cc6ea8eeb!8m2!3d-6.2340039!4d107.0007861!16s%2Fg%2F11l4ntrvbq!19sChIJTxa-r_eNaS4R647qxnwuJzE?authuser=0&hl=id&rclk=1,,,Buka 24 jam,,(22),,"5,0 bintang",RabuBuka 24 jamKamisBuka 24 jamJumatBuka 24 jamSabtuBuka 24 jamMingguBuka 24 jamSeninBuka 24 jamSelasaBuka 24 jamSarankan jam buka baru
Bar Olahraga,MONCERHERBALSTORE,,https://www.google.com/maps/place/MONCERHERBALSTORE/data=!4m7!3m6!1s0x2e69f5a167708c9b:0x16017c8b4ed41a8c!8m2!3d-6.1771956!4d106.8938424!16s%2Fg%2F11wnwm5k4w!19sChIJm4xwZ6H1aS4RjBrUTot8ARY?authuser=0&hl=id&rclk=1,,,Buka 24 jam,,,,,RabuBuka 24 jamKamisBuka 24 jamJumatBuka 24 jamSabtuTutupMingguTutupSeninBuka 24 jamSelasaBuka 24 jamSarankan jam buka baru
Bar Olahraga,Drakula Billiards & Cafe,,https://www.google.com/maps/place/Drakula+Billiards+%26+Cafe/data=!4m7!3m6!1s0x2e69c50f1fb7d121:0x40d3e79086a065df!8m2!3d-6.569194!4d106.8080926!16s%2Fg%2F11x2qtv6gh!19sChIJIdG3Hw_FaS4R32WghpDn00A?authuser=0&hl=id&rclk=1,,,Buka⋅ Tutup pukul 22.00,,(17),,"4,5 bintang",Rabu11.00–22.00Kamis11.00–22.00Jumat11.00–22.00Sabtu11.00–22.00Minggu11.00–22.00Senin11.00–22.00Selasa11.00–22.00Sarankan jam buka baru
Bar Olahraga,IKS.PI KERA SAKTI BOJONG INDAH,,https://www.google.com/maps/place/IKS.PI+KERA+SAKTI+BOJONG+INDAH/data=!4m7!3m6!1s0x2e69f70011fcaaaf:0x20b808cbe1e6f37c!8m2!3d-6.1614592!4d106.7410428!16s%2Fg%2F11lzdwfz4f!19sChIJr6r8EQD3aS4RfPPm4csIuCA?authuser=0&hl=id&rclk=1,,,,,(1),,"5,0 bintang",
Bar Olahraga,Tempat pull up,,https://www.google.com/maps/place/Tempat+pull+up/data=!4m7!3m6!1s0x2e698d77805afe93:0x21e66e220e353d42!8m2!3d-6.2479201!4d106.9841498!16s%2Fg%2F11v1880y6b!19sChIJk_5agHeNaS4RQj01DiJu5iE?authuser=0&hl=id&rclk=1,,,,,,,,
Bar Olahraga,My Bestie,,https://www.google.com/maps/place/My+Bestie/data=!4m7!3m6!1s0x2e69fba9733108a7:0x99e488d16ece56ec!8m2!3d-6.239807!4d106.6902497!16s%2Fg%2F11khd_hp56!19sChIJpwgxc6n7aS4R7FbObtGI5Jk?authuser=0&hl=id&rclk=1,,,Tutup⋅ Buka Kam pukul 07.16,,,,,Rabu07.16–08.00Kamis07.16–08.00Jumat07.16–08.00Sabtu07.16–08.00MingguTutupSenin07.16–08.00Selasa07.16–08.00Sarankan jam buka baru
Restoran,ENIGMA Sumarecon Serpong,,https://www.google.com/maps/place/ENIGMA+Sumarecon+Serpong/data=!4m7!3m6!1s0x2e69fc0ac0c51f1d:0x94df79d99f171d03!8m2!3d-6.2434285!4d106.6274354!16s%2Fg%2F11bwfzcx30!19sChIJHR_FwAr8aS4RAx0Xn9l535Q?authuser=0&hl=id&rclk=1,,,Buka⋅ Tutup pukul 04.00,,(268),,"4,3 bintang",Rabu10.00–04.00Kamis10.00–04.00Jumat10.00–04.00Sabtu10.00–03.45Minggu10.00–04.00Senin10.00–04.00Selasa10.00–04.00Sarankan jam buka baru
Bar Olahraga,Padepokan Persinas Asad BIM,,https://www.google.com/maps/place/Padepokan+Persinas+Asad+BIM/data=!4m7!3m6!1s0x2e69f100182fea09:0x3254a38c1e1d4d49!8m2!3d-6.2759099!4d106.7418595!16s%2Fg%2F11vwl61vf9!19sChIJCeovGADxaS4RSU0dHoyjVDI?authuser=0&hl=id&rclk=1,,,,,,,,
Bar Olahraga,Brotherland 2,,https://www.google.com/maps/place/Brotherland+2/data=!4m7!3m6!1s0x2e69970043a68ac3:0x4a8395ea7e05f453!8m2!3d-6.4521893!4d107.039241!16s%2Fg%2F11mdgnhnb4!19sChIJw4qmQwCXaS4RU_QFfuqVg0o?authuser=0&hl=id&rclk=1,,,,,,,,
Bar Olahraga,PB CHEVER,,https://www.google.com/maps/place/PB+CHEVER/data=!4m7!3m6!1s0x2e69979014aff7a5:0xe6a567448ac8567a!8m2!3d-6.3945434!4d107.0926464!16s%2Fg%2F11n72d9lgc!19sChIJpfevFJCXaS4RelbIikRnpeY?authuser=0&hl=id&rclk=1,,,Buka 24 jam,,(2),,"3,5 bintang",RabuBuka 24 jamKamisBuka 24 jamJumatBuka 24 jamSabtuBuka 24 jamMingguBuka 24 jamSeninBuka 24 jamSelasaBuka 24 jamSarankan jam buka baru
Lapangan Bulutangkis,"PB TUNAS BARU, DAMAN IDOL",,"https://www.google.com/maps/place/PB+TUNAS+BARU,+DAMAN+IDOL/data=!4m7!3m6!1s0x2e69ed46a5ce8ce9:0x5d7a06ee8665f33a!8m2!3d-6.312442!4d106.8954393!16s%2Fg%2F11bwyf4jsy!19sChIJ6YzOpUbtaS4ROvNlhu4Gel0?authuser=0&hl=id&rclk=1",,,,,(16),,"3,8 bintang",
Bar Olahraga,Jual Gawang Futsal Portable,,https://www.google.com/maps/place/Jual+Gawang+Futsal+Portable/data=!4m7!3m6!1s0x2e698d53e446fdf1:0x77eb403d0ec6fcc7!8m2!3d-6.2955233!4d106.9277836!16s%2Fg%2F11j4jt6z1f!19sChIJ8f1G5FONaS4Rx_zGDj1A63c?authuser=0&hl=id&rclk=1,,,,,,,,
Bar Olahraga,Padel Engineers,,https://www.google.com/maps/place/Padel+Engineers/data=!4m7!3m6!1s0x2e69c528e37642ab:0xd39ddc3056df4b21!8m2!3d-6.5547248!4d106.7676988!16s%2Fg%2F11yfdgyxnz!19sChIJq0J24yjFaS4RIUvfVjDcndM?authuser=0&hl=id&rclk=1,,,,,,,,
Bar Olahraga,PSHT RANTING CIPONDOH,,https://www.google.com/maps/place/PSHT+RANTING+CIPONDOH/data=!4m7!3m6!1s0x2e69f9000dd505db:0x50087b48dc0e6f53!8m2!3d-6.1977599!4d106.6787528!16s%2Fg%2F11x_l7lwz8!19sChIJ2wXVDQD5aS4RU28O3Eh7CFA?authuser=0&hl=id&rclk=1,,,,,,,,
Bar Dengan Pentas Musik,Club brewhuorse,,https://www.google.com/maps/place/Club+brewhuorse/data=!4m7!3m6!1s0x2e698f1181d53801:0x85647d212b0f7cb7!8m2!3d-6.2724802!4d107.0505303!16s%2Fg%2F11sg_780pv!19sChIJATjVgRGPaS4Rt3wPKyF9ZIU?authuser=0&hl=id&rclk=1,,,Buka 24 jam,,(2),,"5,0 bintang",RabuBuka 24 jamKamisBuka 24 jamJumatBuka 24 jamSabtuBuka 24 jamMingguBuka 24 jamSeninBuka 24 jamSelasaBuka 24 jamSarankan jam buka baru
Bar Olahraga,Lapangan Tenis Meja RT001/013,,https://www.google.com/maps/place/Lapangan+Tenis+Meja+RT001%2F013/data=!4m7!3m6!1s0x2e69f5b768bb65cb:0xd06d7d7256c507f4!8m2!3d-6.1855163!4d106.8631893!16s%2Fg%2F11s5d05rbj!19sChIJy2W7aLf1aS4R9AfFVnJ9bdA?authuser=0&hl=id&rclk=1,,,Tutup⋅ Buka pukul 22.00,,(3),,"5,0 bintang",Rabu22.00–02.50Kamis22.00–00.00Jumat22.00–00.00Sabtu22.00–02.50Minggu22.00–02.50Senin22.00–02.50Selasa22.00–02.50Sarankan jam buka baru
Lounge,Bass One Entertainment,,https://www.google.com/maps/place/Bass+One+Entertainment/data=!4m7!3m6!1s0x2e698d6a1bbdf081:0x56ceeceb2d7c1aec!8m2!3d-6.2198557!4d106.95099!16s%2Fg%2F11rqkypxdm!19sChIJgfC9G2qNaS4R7Bp8LevszlY?authuser=0&hl=id&rclk=1,,,Tutup⋅ Buka pukul 20.00,,(15),,"4,8 bintang",Rabu20.00–04.00Kamis20.00–04.00Jumat20.00–04.00Sabtu20.00–04.00Minggu20.00–04.00Senin20.00–04.00Selasa20.00–04.00Sarankan jam buka baru
Bar Olahraga,Lapangan volley sauk girang,,https://www.google.com/maps/place/Lapangan+volley+sauk+girang/data=!4m7!3m6!1s0x2e69e5007e2d596b:0xf1fb065b2e8dd63e!8m2!3d-6.3291893!4d106.6313393!16s%2Fg%2F11ldqr445s!19sChIJa1ktfgDlaS4RPtaNLlsG-_E?authuser=0&hl=id&rclk=1,,,,,(2),,"5,0 bintang",
Bar Olahraga,Lapangan Pasben,,https://www.google.com/maps/place/Lapangan+Pasben/data=!4m7!3m6!1s0x2e698d003a946e1d:0x74e410a04f0d7160!8m2!3d-6.2271821!4d106.9164701!16s%2Fg%2F11y48hrjd7!19sChIJHW6UOgCNaS4RYHENT6AQ5HQ?authuser=0&hl=id&rclk=1,,,,,,,,
